{"processed_hashes": ["90127aab24b9dea002114855d2fdf25f", "a1af3bebda6fc2546dace2c15c4ed73f", "7725636c39fed247b7a8ac1f1b273320", "4554444efccd4c9c955a9fefdc1b1c7d", "53d6ff072dd8e09233f8ec6fc549cc4b", "809ac6e59e2becafeef26bb0f846e59f", "dfb484193d3d52106013b65f47791bfa", "01d0707946f3bc7eaaca234e8f7460df", "d9a1e536d2c7828913e5b414415d687e", "ac4794c087442f57742460dae6e666ae", "9ef9c0435e5a53c37e45aa9731103872", "e78e4226e2ff8b13e1444b59a7c56135", "b328c7e7f2627d4cdca97741c054606e", "79fb4c823ba95f93180099c540e69604", "c5880ec4ae85b783116e350df7cf9e7f", "6c57a276517cb673003a146208e7c19e", "3f20128a6bc123b4d2d6e20ef4398b41", "4b93bd4bee32a7e7bdc21eaeb36edf6c", "d2acb0ba8617c1832d196c0d4fbbe25e", "e085c1d209f76b5ecd86dc730407fb79", "840bc6ac5fe088225072cf430acf447a", "b8b575e01619aa70c80ea3ba3c86e63c", "3577a80cd925fc15c51c9329909e08c5", "b739eb1d98401af4b4044c4eec4c843b", "153867bcaadc03a9a222e1368e4a01bf", "e8cd6f57a7e3dd4986fb68b439633f09", "e587fddc8b702b1d696074cd6c6f4c52", "207c240052ec74ae40b638207c508f80", "cca8084b9ebf2f717764bc3c13bd54ca", "b2a6827506830297b5e0dcc4842dce06", "20b700f116563bab0f026431e2f6e17c", "45daf0654c3160618c4cb09bcfd93f2f", "59f303962a496736f90d572c80356341", "7f487fa6cb343ac5a768ed4d7a7d73b3"], "momentum": [{"time": 1774465857.211054, "score": -6, "headline": "Iran parliamentary speaker reiterates that ground attack will result in escalation"}], "last_shift_alert": 1774339103.661667}