{"processed_hashes": ["90127aab24b9dea002114855d2fdf25f", "a1af3bebda6fc2546dace2c15c4ed73f", "7725636c39fed247b7a8ac1f1b273320", "4554444efccd4c9c955a9fefdc1b1c7d", "53d6ff072dd8e09233f8ec6fc549cc4b", "809ac6e59e2becafeef26bb0f846e59f", "dfb484193d3d52106013b65f47791bfa", "01d0707946f3bc7eaaca234e8f7460df", "d9a1e536d2c7828913e5b414415d687e", "ac4794c087442f57742460dae6e666ae", "9ef9c0435e5a53c37e45aa9731103872"], "momentum": [{"time": 1774345078.376627, "score": 4, "headline": "Trump wants a deal but negotiations not likely to be successful, says Israeli officials"}], "last_shift_alert": 1774339103.661667}